{"SNAGY":[29.607331,-76.864272],"PADRK":[31.7993,-73.844975],"WILYY":[32.311767,-73.103472],"LSIER":[33.02805,-72.041767],"JNFOX":[33.687161,-71.036989],"SELIM":[38.5,-62.668933],"BOBTU":[44.117222,-52.822222],"GOZZR":[25.72,-80.15],"JAMBA":[25.77,-80.18],"MARCK":[25.79,-80.32],"KBOLA":[25.71,-80.44],"FOLZZ":[25.84,-80.25],"TOPPS":[30.73,-79.4],"HAPIE":[31.25,-79.08],"SHIRL":[32.6,-78.6],"CEBEE":[33.17,-77.3],"RAFIN":[44.88,-51.81],"RAFOX":[46.5,-53.33],"TALGO":[44.17,-52.43],"ALLRY":[46.0,-53.0],"LOACH":[47.0,-54.0],"TELEX":[46.0,-54.0],"MIMGO":[44.0,-56.0],"LOMPI":[44.0,-57.0],"KAROM":[44.0,-54.0],"DOPHN":[44.0,-53.0],"JEBBY":[43.07,-52.0],"CARAC":[43.0,-60.0],"GRAYY":[45.73,-56.3],"NANSO":[44.5,-56.0],"PEPRA":[44.57,-56.5],"MALOT":[52.0,-20.0],"MIMKU":[56.0,-10.0],"RESNO":[56.0,-15.0],"DOLIR":[52.0,-15.0],"DOGAL":[53.0,-15.0],"MIMKA":[54.0,-15.0],"LASNO":[53.0,-15.0],"SEPAL":[55.0,-15.0],"RATSU":[61.0,-10.0],"URTAK":[58.0,-20.0],"AVUTI":[59.0,-50.0],"CUDDY":[58.0,-50.0],"MIMOX":[52.0,-25.0],"SOMAX":[53.0,-25.0],"LUTOV":[54.0,-25.0],"LIMRI":[52.0,-15.0],"XETBO":[52.0,-14.0],"DOLIP":[52.0,-12.0],"EVRIN":[51.782347,-6.563225],"JETZI":[51.507525,-3.869983],"AMFUL":[51.479,-3.6226],"ORZEB":[51.407183,-2.464925],"KONAN":[51.0,-15.0],"ERAKA":[60.0,-20.0],"GOMUP":[59.0,-20.0],"SUNOT":[58.0,-20.0],"BILTO":[57.5,-20.0],"SIRIC":[51.343381,-1.566358],"LOREL":[51.5,-2.0],"ROKAN":[51.5,-3.0],"KODIK":[51.83,-5.0],"NUGRA":[51.67,-4.0],"UNLID":[51.5,-1.5],"MATCH":[51.5,0.5],"TIGER":[51.5,1.0],"BOGNA":[51.67,-0.5],"CAWZE":[51.374264,-1.988903],"NIGIT":[51.313044,-1.170753],"LLW03":[51.309119,-0.765817],"OCK":[51.305047,-0.447183],"DAVID":[51.17,0.17],"XAMAN":[51.5,-4.5],"DOTSS":[34.33,-119.5],"CRISY":[37.8,-122.45],"ALCOA":[37.67,-122.5],"PORTE":[37.5,-122.67],"OAKLN":[37.72,-122.22],"EMRON":[37.5,-121.83],"JANJO":[34.0,-120.0],"RIOOS":[36.0,-120.5],"WENAS":[47.0,-120.0],"KENNO":[48.0,-124.0],"KALNA":[50.0,-130.0],"AVBET":[51.0,-140.0],"NIPPI":[45.0,-150.0],"NANAC":[40.0,-150.0],"NUTEX":[35.0,-150.0],"ADNAP":[37.0,-160.0],"KETLA":[42.0,-160.0],"BUKES":[47.0,-160.0],"KOMIS":[52.0,-165.0],"PASRO":[55.0,-168.0],"NEBIN":[54.0,-175.0],"OPAKE":[45.0,-170.0],"TEGVO":[48.0,-170.0],"BICKU":[51.0,-175.0],"BIPOP":[53.0,175.0],"DOVEY":[55.0,170.0],"ORNAI":[50.0,165.0],"EMBOT":[45.0,165.0],"NIKLL":[40.0,165.0],"SPENS":[35.0,160.0],"LAMER":[70.0,-40.0],"BEDEK":[65.0,-20.0],"ATSIX":[60.0,-13.0],"EGOPI":[57.0,-14.0],"EMBOK":[63.47,-58.0],"CLAVY":[64.23,-58.98],"AVPUT":[65.0,-60.0],"MUSAK":[47.0,-52.0],"BANCS":[46.0,-51.0],"DUNKO":[28.0,-78.0],"URSUS":[27.0,-77.0],"KMIA":[25.795361,-80.290116],"EGLL":[51.4775,-0.461389],"HEMMI":[45.06,-55.533]}